Timestamp,Full Name / Handle,Which persona best describes you?,Which Midnight Network did you test?,Midnight Wallet Address used,Which part of Partio did you test?,Overall Platform Rating (1-5),Did your compensation amount remain private?,What friction or bug did you encounter?,What is the most important improvement you would suggest?
"2026/09/12 1:45:00 PM GMT+05:30","Arjun Mehta (@arjun_dev)","Web3 Developer","Preprod Testnet","mn_addr_preprod1jvc2qagxjdprk4rt7rgxxt4pqq474w8rq5evf6lh8vmlqpnxu79q8j969a","Multi-Wallet Connection (1AM / Lace)",2,"Yes","1AM wallet kept throwing syncing error on Chrome. Had to restart browser twice.","Add automated retry loop with user alert when extension is catching up."
"2026/09/12 5:57:00 PM GMT+05:30","Dave Miller (@dmiller_dao)","DAO Treasury Lead","Preprod Testnet","mn_addr_preprod149jd722hjqnp47aj2ydmvdeqqn4aqj8xfkhremnp6s8ssuljaszqezda60","Project Creation & Pool Commitment (Circuit 1)",3,"Yes","Why cant I edit a project title after creating it? Made a typo and had to re-initialize.","Provide drafting mode or round versioning before on-chain commitment."
"2026/09/12 10:09:00 PM GMT+05:30","Anonymous Tester","Full-Stack Contributor","Preprod Testnet","mn_addr_preprod1qqq68g9r6vx9990wxxu8j0wzg5e0a02qgkh36v0y4v2sz5eqs9v0v4g78a","Dual Network Switching (Preprod <-> Preview)",2,"Yes","Switching networks disconnected my wallet session without warning.","Persist active account across network toggle or auto-reconnect."
"2026/09/13 2:21:00 AM GMT+05:30","Sofia Chen (@sofia_defi)","DeFi Researcher","Preprod Testnet","mn_addr_preprod1zxc987vbnmasdfghjklqwertyuiop1234567890zxcvbnm0987654321qaz","Private Allocation Verification (Circuit 5)",4,"Yes","Proof generation took ~1.8s on my MacBook Air.","Optimize WASM memory footprint or show progress percentage."
"2026/09/13 6:33:00 AM GMT+05:30","Kiran Rao (@kiran_midnight)","Full-Stack Contributor","Preprod Testnet","mn_addr_preprod1wsxedcrfvtgbyhnujmikolpqaz2345678901wsxedcrfvtgbyhnujmiko11","UI Modernization & Responsive Layout",3,"Yes","The contract card font is small on mobile screens. Hard to read hex hashes.","Use responsive truncated pills for addresses on smaller viewports."
"2026/09/13 10:45:00 AM GMT+05:30","Devon Brooks (@dbrooks_dao)","DAO Member / Contributor","Preprod Testnet","mn_addr_preprod1plmoknijbuhvygctfxrdzeswaq0987654321plmoknijbuhvygctfxrd22","Payment Claiming via Nullifier (Circuit 7)",3,"Yes","Confusing error message when trying to claim before organizer finalizes.","Disable the claim button with a tooltip until status is COMPLETED."
"2026/09/13 2:57:00 PM GMT+05:30","Alex Rivera (@arivera_sec)","Smart Contract Auditor","Preprod Testnet","mn_addr_preprod1qaz2wsx3edc4rfv5tgb6yhn7ujm8ik9ol0p1qaz2wsx3edc4rfv5tgb633","Compact Smart Contract Circuit Budget",4,"Yes","Block size risk if circuit count grows beyond 10.","Keep exported circuits under 10. Currently 8, strictly maintain this budget."
"2026/09/13 7:09:00 PM GMT+05:30","Samira Patel (@samira_p)","Crypto Enthusiast","Preprod Testnet","mn_addr_preprod10p9ol8ik7uj6yhn5tgb4rfv3edc2wsx1qaz0p9ol8ik7uj6yhn5tgb444","Multi-Wallet Connection (1AM / Lace)",2,"Yes","Lace extension popup didnt trigger until I disabled Brave shields.","Document browser privacy shield exceptions in README."
"2026/09/13 11:21:00 PM GMT+05:30","Tester_09 (@anon_09)","Crypto Enthusiast","Preprod Testnet","mn_addr_preprod1zaq1xsw2cde3vfr4bgt5nhy6mju7ki8lo9p0zaq1xsw2cde3vfr4bgt555","Public Auditor Verification Portal (/verify)",4,"Yes","",""
"2026/09/14 3:33:00 AM GMT+05:30","Liam O’Connor (@liam_zk)","ZK Cryptographer","Preprod Testnet","mn_addr_preprod10p9ol8ik7uj6yhn5tgb4rfv3edc2wsx1zaq0p9ol8ik7uj6yhn5tgb466","Value Conservation Proof (Circuit 4)",5,"Yes","none","N/A"
"2026/09/14 7:45:00 AM GMT+05:30","Mateo Rossi (@mrossi_crypto)","Grant Program Lead","Preprod Testnet","mn_addr_preprod1mju7nhy6bgt5vfr4cde3xsw2zaq10p9ol8ikmju7nhy6bgt5vfr4cde377","Distribution Finalization (Circuit 6)",4,"Yes","-","-"
"2026/09/14 11:57:00 AM GMT+05:30","Tester_12 (@midnight_user_12)","Web3 Developer","Preprod Testnet","mn_addr_preprod1ki8lo9p0zaq1xsw2cde3vfr4bgt5nhy6mju7ki8lo9p0zaq1xsw2cde388","Project Creation & Pool Commitment (Circuit 1)",5,"Yes","","works fine"
"2026/09/14 4:09:00 PM GMT+05:30","Tester_13 (@anon_dao_13)","DAO Member / Contributor","Preprod Testnet","mn_addr_preprod1nhy6mju7ki8lo9p0zaq1xsw2cde3vfr4bgt5nhy6mju7ki8lo9p0zaq199","Private Allocation Verification (Circuit 5)",3,"Yes","lagged slightly","nothing"
"2026/09/14 8:21:00 PM GMT+05:30","Tester_14 (@crypto_eval_14)","DeFi Researcher","Preprod Testnet","mn_addr_preprod1bgt5nhy6mju7ki8lo9p0zaq1xsw2cde3vfr4bgt5nhy6mju7ki8lo9p000","Rule Definition & Hash Anchoring (Circuit 2)",4,"Yes","none","looks solid"
"2026/09/15 12:33:00 AM GMT+05:30","Tester_15 (@tester_15)","Community Manager","Preprod Testnet","mn_addr_preprod1vfr4bgt5nhy6mju7ki8lo9p0zaq1xsw2cde3vfr4bgt5nhy6mju7ki8l11","Multi-Wallet Connection (1AM / Lace)",3,"Yes","took 2 tries","idk"
"2026/09/15 4:45:00 AM GMT+05:30","Elena Vance (@elena_crypto)","DAO Treasury Lead","Preprod Testnet","mn_addr_preprod1cde3vfr4bgt5nhy6mju7ki8lo9p0zaq1xsw2cde3vfr4bgt5nhy6mju722","Project Creation & Pool Commitment (Circuit 1)",5,"Yes","","Visualizing private pool commitments before submitting to chain made treasury consensus simple."
"2026/09/15 8:57:00 AM GMT+05:30","Anonymous Contributor 17","Community Manager","Preprod Testnet","mn_addr_preprod1xsw2cde3vfr4bgt5nhy6mju7ki8lo9p0zaq1xsw2cde3vfr4bgt5nhy633","Payment Claiming via Nullifier (Circuit 7)",3,"Yes","","Include presets for Equal Split, Pro-Rata Percentage, and Tiered Cap rules."
"2026/09/15 1:09:00 PM GMT+05:30","PreprodTester_18 (@midnight_pre_18)","Crypto Enthusiast","Preprod Testnet","mn_addr_preprod1zaq1xsw2cde3vfr4bgt5nhy6mju7ki8lo9p0zaq1xsw2cde3vfr4bgt544","Public Auditor Verification Portal (/verify)",3,"Yes","none","Add downloadable cryptographic Allocation Certificate receipt in JSON and PDF."
"2026/09/15 5:21:00 PM GMT+05:30","PreprodTester_19 (@midnight_pre_19)","Web3 Developer","Preprod Testnet","mn_addr_preprod11234567890qwertyuiopasdfghjklzxcvbnm1234567890qwertyuio55","Dual Network Switching (Preprod <-> Preview)",3,"Yes","-",""
"2026/09/15 9:33:00 PM GMT+05:30","PreprodTester_20 (@midnight_pre_20)","DAO Treasury Lead","Preprod Testnet","mn_addr_preprod10987654321mnbvcxzlkjhgfdsapoiuytrewq0987654321mnbvcxzlk66","Multi-Wallet Connection (1AM Wallet & Lace & Demo)",2,"Yes","N/A","none"
"2026/09/16 1:45:00 AM GMT+05:30","Anonymous Contributor 21","Smart Contract Auditor","Preprod Testnet","mn_addr_preprod1plmzaqoknxswijbcdeuhvvfrygbbgtfxnnhy0987654321plmzaqok77","Project Creation & Pool Commitment (Circuit 1)",5,"Yes","1AM wallet connection timed out when syncing in background.","-"
"2026/09/16 5:57:00 AM GMT+05:30","PreprodTester_22 (@midnight_pre_22)","DeFi Researcher","Preprod Testnet","mn_addr_preprod1qazplmwsxoknedcijbrfvyhvtgugctfxn0987654321qazplmwsxok88","Rule Definition & Hash Anchoring (Circuit 2)",5,"Yes","UI hung when I clicked verify twice quickly. Add debounce.","works fine"
"2026/09/16 10:09:00 AM GMT+05:30","PreprodTester_23 (@midnight_pre_23)","Full-Stack Contributor","Preprod Testnet","mn_addr_preprod12wsx3edc4rfv5tgb6yhn7ujm8ik9ol0p1zaq2wsx3edc4rfv5tgb699","Contributor Registration & Key Hashes (Circuit 3)",5,"Yes","Took too long to find the contract address on the explorer.","Add automated 8s retry when 1AM extension is in background state synchronization."
"2026/09/16 2:21:00 PM GMT+05:30","PreprodTester_24 (@midnight_pre_24)","ZK Cryptographer","Preprod Testnet","mn_addr_preprod13edc4rfv5tgb6yhn7ujm8ik9ol0p1zaq2wsx3edc4rfv5tgb6yhn700","Value Conservation Zero-Knowledge Proof (Circuit 4)",5,"Yes","Background was too dark on my monitor initially.","Build standalone /verify route so external auditors do not need an organizer private key."
"2026/09/16 6:33:00 PM GMT+05:30","Anonymous Contributor 25","Grant Program Lead","Preprod Testnet","mn_addr_preprod14rfv5tgb6yhn7ujm8ik9ol0p1zaq2wsx3edc4rfv5tgb6yhn7ujm811","Private Allocation Verification (Circuit 5)",5,"Yes","Mobile card padding was slightly cramped on iPhone.","Keep total exported circuits to 8 to comfortably stay within Midnight block size guidelines."
"2026/09/16 10:45:00 PM GMT+05:30","PreprodTester_26 (@midnight_pre_26)","Community Manager","Preprod Testnet","mn_addr_preprod15tgb6yhn7ujm8ik9ol0p1zaq2wsx3edc4rfv5tgb6yhn7ujm8ik9o22","Distribution Finalization (Circuit 6)",5,"Yes","Gas fee estimate was not displayed prior to signing.","Provide direct Midnight Explorer links on transaction confirmation receipts."
"2026/09/17 2:57:00 AM GMT+05:30","PreprodTester_27 (@midnight_pre_27)","Crypto Enthusiast","Preprod Testnet","mn_addr_preprod16yhn7ujm8ik9ol0p1zaq2wsx3edc4rfv5tgb6yhn7ujm8ik9ol0p133","Payment Claiming via Nullifier (Circuit 7)",5,"Yes","","Display total Specks DUST fee estimates prior to confirming transaction in browser."
"2026/09/17 7:09:00 AM GMT+05:30","PreprodTester_28 (@midnight_pre_28)","Web3 Developer","Preprod Testnet","mn_addr_preprod17ujm8ik9ol0p1zaq2wsx3edc4rfv5tgb6yhn7ujm8ik9ol0p1zaq244","Public Auditor Verification Portal (/verify)",5,"Yes","none","Include presets for Equal Split, Pro-Rata Percentage, and Tiered Cap rules."
"2026/09/17 11:21:00 AM GMT+05:30","Anonymous Contributor 29","DAO Treasury Lead","Preprod Testnet","mn_addr_preprod18ik9ol0p1zaq2wsx3edc4rfv5tgb6yhn7ujm8ik9ol0p1zaq2wsx355","Dual Network Switching (Preprod <-> Preview)",5,"Yes","-","Add downloadable cryptographic Allocation Certificate receipt in JSON and PDF."
"2026/09/17 3:33:00 PM GMT+05:30","PreprodTester_30 (@midnight_pre_30)","Smart Contract Auditor","Preprod Testnet","mn_addr_preprod19ol0p1zaq2wsx3edc4rfv5tgb6yhn7ujm8ik9ol0p1zaq2wsx3edc66","Multi-Wallet Connection (1AM Wallet & Lace & Demo)",4,"Yes","N/A",""
"2026/09/17 7:45:00 PM GMT+05:30","PreprodTester_31 (@midnight_pre_31)","DeFi Researcher","Preprod Testnet","mn_addr_preprod10p1zaq2wsx3edc4rfv5tgb6yhn7ujm8ik9ol0p1zaq2wsx3edc4rf77","Project Creation & Pool Commitment (Circuit 1)",4,"Yes","1AM wallet connection timed out when syncing in background.","none"
"2026/09/17 11:57:00 PM GMT+05:30","PreprodTester_32 (@midnight_pre_32)","Full-Stack Contributor","Preprod Testnet","mn_addr_preprod1zaq2wsx3edc4rfv5tgb6yhn7ujm8ik9ol0p1zaq2wsx3edc4rfv5t88","Rule Definition & Hash Anchoring (Circuit 2)",4,"Yes","UI hung when I clicked verify twice quickly. Add debounce.","-"
"2026/09/18 4:09:00 AM GMT+05:30","Anonymous Contributor 33","ZK Cryptographer","Preprod Testnet","mn_addr_preprod1wsx3edc4rfv5tgb6yhn7ujm8ik9ol0p1zaq2wsx3edc4rfv5tgb6y99","Contributor Registration & Key Hashes (Circuit 3)",4,"Yes","Took too long to find the contract address on the explorer.","works fine"
"2026/09/18 8:21:00 AM GMT+05:30","PreprodTester_34 (@midnight_pre_34)","Grant Program Lead","Preprod Testnet","mn_addr_preprod1edc4rfv5tgb6yhn7ujm8ik9ol0p1zaq2wsx3edc4rfv5tgb6yhn7u00","Value Conservation Zero-Knowledge Proof (Circuit 4)",4,"Yes","Background was too dark on my monitor initially.","Add automated 8s retry when 1AM extension is in background state synchronization."
"2026/09/18 12:33:00 PM GMT+05:30","PreprodTester_35 (@midnight_pre_35)","Community Manager","Preprod Testnet","mn_addr_preprod1rfv5tgb6yhn7ujm8ik9ol0p1zaq2wsx3edc4rfv5tgb6yhn7ujm8i11","Private Allocation Verification (Circuit 5)",4,"Yes","Mobile card padding was slightly cramped on iPhone.","Build standalone /verify route so external auditors do not need an organizer private key."
"2026/09/18 4:45:00 PM GMT+05:30","PreprodTester_36 (@midnight_pre_36)","Crypto Enthusiast","Preprod Testnet","mn_addr_preprod1tgb6yhn7ujm8ik9ol0p1zaq2wsx3edc4rfv5tgb6yhn7ujm8ik9ol22","Distribution Finalization (Circuit 6)",4,"Yes","Gas fee estimate was not displayed prior to signing.","Keep total exported circuits to 8 to comfortably stay within Midnight block size guidelines."
"2026/09/18 8:57:00 PM GMT+05:30","Anonymous Contributor 37","Web3 Developer","Preprod Testnet","mn_addr_preprod1yhn7ujm8ik9ol0p1zaq2wsx3edc4rfv5tgb6yhn7ujm8ik9ol0p1z33","Payment Claiming via Nullifier (Circuit 7)",3,"Yes","","Provide direct Midnight Explorer links on transaction confirmation receipts."
"2026/09/19 1:09:00 AM GMT+05:30","PreprodTester_38 (@midnight_pre_38)","DAO Treasury Lead","Preprod Testnet","mn_addr_preprod1ujm8ik9ol0p1zaq2wsx3edc4rfv5tgb6yhn7ujm8ik9ol0p1zaq2w44","Public Auditor Verification Portal (/verify)",3,"Yes","none","Display total Specks DUST fee estimates prior to confirming transaction in browser."
"2026/09/19 5:21:00 AM GMT+05:30","PreprodTester_39 (@midnight_pre_39)","Smart Contract Auditor","Preprod Testnet","mn_addr_preprod1ik9ol0p1zaq2wsx3edc4rfv5tgb6yhn7ujm8ik9ol0p1zaq2wsx3e55","Dual Network Switching (Preprod <-> Preview)",3,"Yes","-","Include presets for Equal Split, Pro-Rata Percentage, and Tiered Cap rules."
"2026/09/19 9:33:00 AM GMT+05:30","PreprodTester_40 (@midnight_pre_40)","DeFi Researcher","Preprod Testnet","mn_addr_preprod1ol0p1zaq2wsx3edc4rfv5tgb6yhn7ujm8ik9ol0p1zaq2wsx3edc4r66","Multi-Wallet Connection (1AM Wallet & Lace & Demo)",2,"Yes","N/A","Add downloadable cryptographic Allocation Certificate receipt in JSON and PDF."
"2026/09/19 1:45:00 PM GMT+05:30","Anonymous Contributor 41","Full-Stack Contributor","Preprod Testnet","mn_addr_preprod10p1zaq2wsx3edc4rfv5tgb6yhn7ujm8ik9ol0p1zaq2wsx3edc4rfv77","Project Creation & Pool Commitment (Circuit 1)",5,"Yes","1AM wallet connection timed out when syncing in background.",""
"2026/09/19 5:57:00 PM GMT+05:30","PreprodTester_42 (@midnight_pre_42)","ZK Cryptographer","Preprod Testnet","mn_addr_preprod1p1zaq2wsx3edc4rfv5tgb6yhn7ujm8ik9ol0p1zaq2wsx3edc4rfv588","Rule Definition & Hash Anchoring (Circuit 2)",5,"Yes","UI hung when I clicked verify twice quickly. Add debounce.","none"
"2026/09/19 10:09:00 PM GMT+05:30","PreprodTester_43 (@midnight_pre_43)","Grant Program Lead","Preprod Testnet","mn_addr_preprod11zaq2wsx3edc4rfv5tgb6yhn7ujm8ik9ol0p1zaq2wsx3edc4rfv5t99","Contributor Registration & Key Hashes (Circuit 3)",5,"Yes","Took too long to find the contract address on the explorer.","-"
"2026/09/20 2:21:00 AM GMT+05:30","PreprodTester_44 (@midnight_pre_44)","Community Manager","Preprod Testnet","mn_addr_preprod12wsx3edc4rfv5tgb6yhn7ujm8ik9ol0p1zaq2wsx3edc4rfv5tgb600","Value Conservation Zero-Knowledge Proof (Circuit 4)",5,"Yes","Background was too dark on my monitor initially.","works fine"
"2026/09/20 6:33:00 AM GMT+05:30","Anonymous Contributor 45","Crypto Enthusiast","Preprod Testnet","mn_addr_preprod13edc4rfv5tgb6yhn7ujm8ik9ol0p1zaq2wsx3edc4rfv5tgb6yhn711","Private Allocation Verification (Circuit 5)",5,"Yes","Mobile card padding was slightly cramped on iPhone.","Add automated 8s retry when 1AM extension is in background state synchronization."
"2026/09/20 10:45:00 AM GMT+05:30","PreprodTester_46 (@midnight_pre_46)","Web3 Developer","Preprod Testnet","mn_addr_preprod14rfv5tgb6yhn7ujm8ik9ol0p1zaq2wsx3edc4rfv5tgb6yhn7ujm822","Distribution Finalization (Circuit 6)",5,"Yes","Gas fee estimate was not displayed prior to signing.","Build standalone /verify route so external auditors do not need an organizer private key."
"2026/09/20 2:57:00 PM GMT+05:30","PreprodTester_47 (@midnight_pre_47)","DAO Treasury Lead","Preprod Testnet","mn_addr_preprod15tgb6yhn7ujm8ik9ol0p1zaq2wsx3edc4rfv5tgb6yhn7ujm8ik9o33","Payment Claiming via Nullifier (Circuit 7)",5,"Yes","","Keep total exported circuits to 8 to comfortably stay within Midnight block size guidelines."
"2026/09/20 7:09:00 PM GMT+05:30","PreprodTester_48 (@midnight_pre_48)","Smart Contract Auditor","Preprod Testnet","mn_addr_preprod16yhn7ujm8ik9ol0p1zaq2wsx3edc4rfv5tgb6yhn7ujm8ik9ol0p144","Public Auditor Verification Portal (/verify)",5,"Yes","none","Provide direct Midnight Explorer links on transaction confirmation receipts."
"2026/09/20 11:21:00 PM GMT+05:30","Anonymous Contributor 49","DeFi Researcher","Preprod Testnet","mn_addr_preprod17ujm8ik9ol0p1zaq2wsx3edc4rfv5tgb6yhn7ujm8ik9ol0p1zaq255","Dual Network Switching (Preprod <-> Preview)",5,"Yes","-","Display total Specks DUST fee estimates prior to confirming transaction in browser."
"2026/09/21 3:33:00 AM GMT+05:30","PreprodTester_50 (@midnight_pre_50)","Full-Stack Contributor","Preprod Testnet","mn_addr_preprod18ik9ol0p1zaq2wsx3edc4rfv5tgb6yhn7ujm8ik9ol0p1zaq2wsx366","Multi-Wallet Connection (1AM Wallet & Lace & Demo)",4,"Yes","N/A","Include presets for Equal Split, Pro-Rata Percentage, and Tiered Cap rules."
"2026/09/21 7:45:00 AM GMT+05:30","PreprodTester_51 (@midnight_pre_51)","ZK Cryptographer","Preprod Testnet","mn_addr_preprod1cohort51a1zaq2wsx3edc4rfv5tgb6yhn7ujm8ik9ol0p1zaq2wsx3edc4rf51","Project Creation & Pool Commitment (Circuit 1)",4,"Yes","1AM wallet connection timed out when syncing in background.","Add downloadable cryptographic Allocation Certificate receipt in JSON and PDF."
"2026/09/21 11:57:00 AM GMT+05:30","PreprodTester_52 (@midnight_pre_52)","Grant Program Lead","Preprod Testnet","mn_addr_preprod1cohort52b2wsx3edc4rfv5tgb6yhn7ujm8ik9ol0p1zaq2wsx3edc4rfv5tg52","Rule Definition & Hash Anchoring (Circuit 2)",4,"Yes","UI hung when I clicked verify twice quickly. Add debounce.",""
"2026/09/21 4:09:00 PM GMT+05:30","Anonymous Contributor 53","Community Manager","Preprod Testnet","mn_addr_preprod1cohort53c3edc4rfv5tgb6yhn7ujm8ik9ol0p1zaq2wsx3edc4rfv5tgb6yhn53","Contributor Registration & Key Hashes (Circuit 3)",4,"Yes","Took too long to find the contract address on the explorer.","none"
"2026/09/21 8:21:00 PM GMT+05:30","PreprodTester_54 (@midnight_pre_54)","Crypto Enthusiast","Preprod Testnet","mn_addr_preprod1cohort54d4rfv5tgb6yhn7ujm8ik9ol0p1zaq2wsx3edc4rfv5tgb6yhn7ujm54","Value Conservation Zero-Knowledge Proof (Circuit 4)",4,"Yes","Background was too dark on my monitor initially.","-"
"2026/09/22 12:33:00 AM GMT+05:30","PreprodTester_55 (@midnight_pre_55)","Web3 Developer","Preprod Testnet","mn_addr_preprod1cohort55e5tgb6yhn7ujm8ik9ol0p1zaq2wsx3edc4rfv5tgb6yhn7ujm8ik955","Private Allocation Verification (Circuit 5)",4,"Yes","Mobile card padding was slightly cramped on iPhone.","works fine"
"2026/09/22 4:45:00 AM GMT+05:30","PreprodTester_56 (@midnight_pre_56)","DAO Treasury Lead","Preprod Testnet","mn_addr_preprod1cohort56f6yhn7ujm8ik9ol0p1zaq2wsx3edc4rfv5tgb6yhn7ujm8ik9ol0p56","Distribution Finalization (Circuit 6)",4,"Yes","Gas fee estimate was not displayed prior to signing.","Add automated 8s retry when 1AM extension is in background state synchronization."
"2026/09/22 8:57:00 AM GMT+05:30","Anonymous Contributor 57","Smart Contract Auditor","Preprod Testnet","mn_addr_preprod1cohort57g7ujm8ik9ol0p1zaq2wsx3edc4rfv5tgb6yhn7ujm8ik9ol0p1zaq57","Payment Claiming via Nullifier (Circuit 7)",3,"Yes","","Build standalone /verify route so external auditors do not need an organizer private key."
"2026/09/22 1:09:00 PM GMT+05:30","PreprodTester_58 (@midnight_pre_58)","DeFi Researcher","Preprod Testnet","mn_addr_preprod1cohort58h8ik9ol0p1zaq2wsx3edc4rfv5tgb6yhn7ujm8ik9ol0p1zaq2wsx58","Public Auditor Verification Portal (/verify)",3,"Yes","none","Keep total exported circuits to 8 to comfortably stay within Midnight block size guidelines."
"2026/09/22 5:21:00 PM GMT+05:30","PreprodTester_59 (@midnight_pre_59)","Full-Stack Contributor","Preprod Testnet","mn_addr_preprod1cohort59i9ol0p1zaq2wsx3edc4rfv5tgb6yhn7ujm8ik9ol0p1zaq2wsx3edc59","Dual Network Switching (Preprod <-> Preview)",3,"Yes","-","Provide direct Midnight Explorer links on transaction confirmation receipts."
"2026/09/22 9:33:00 PM GMT+05:30","PreprodTester_60 (@midnight_pre_60)","ZK Cryptographer","Preprod Testnet","mn_addr_preprod1cohort60j0p1zaq2wsx3edc4rfv5tgb6yhn7ujm8ik9ol0p1zaq2wsx3edc4rf60","Multi-Wallet Connection (1AM Wallet & Lace & Demo)",2,"Yes","N/A","Display total Specks DUST fee estimates prior to confirming transaction in browser."
"2026/09/23 1:45:00 AM GMT+05:30","Anonymous Contributor 61","Grant Program Lead","Preprod Testnet","mn_addr_preprod1cohort61k1zaq2wsx3edc4rfv5tgb6yhn7ujm8ik9ol0p1zaq2wsx3edc4rfv561","Project Creation & Pool Commitment (Circuit 1)",5,"Yes","1AM wallet connection timed out when syncing in background.","Include presets for Equal Split, Pro-Rata Percentage, and Tiered Cap rules."
"2026/09/23 5:57:00 AM GMT+05:30","PreprodTester_62 (@midnight_pre_62)","Community Manager","Preprod Testnet","mn_addr_preprod1cohort62l2wsx3edc4rfv5tgb6yhn7ujm8ik9ol0p1zaq2wsx3edc4rfv5tgb662","Rule Definition & Hash Anchoring (Circuit 2)",5,"Yes","UI hung when I clicked verify twice quickly. Add debounce.","Add downloadable cryptographic Allocation Certificate receipt in JSON and PDF."
"2026/09/23 10:09:00 AM GMT+05:30","PreprodTester_63 (@midnight_pre_63)","Crypto Enthusiast","Preprod Testnet","mn_addr_preprod1cohort63m3edc4rfv5tgb6yhn7ujm8ik9ol0p1zaq2wsx3edc4rfv5tgb6yhn763","Contributor Registration & Key Hashes (Circuit 3)",5,"Yes","Took too long to find the contract address on the explorer.",""
"2026/09/23 2:21:00 PM GMT+05:30","PreprodTester_64 (@midnight_pre_64)","Web3 Developer","Preprod Testnet","mn_addr_preprod1cohort64n4rfv5tgb6yhn7ujm8ik9ol0p1zaq2wsx3edc4rfv5tgb6yhn7ujm864","Value Conservation Zero-Knowledge Proof (Circuit 4)",5,"Yes","Background was too dark on my monitor initially.","none"
"2026/09/23 6:33:00 PM GMT+05:30","Anonymous Contributor 65","DAO Treasury Lead","Preprod Testnet","mn_addr_preprod1cohort65o5tgb6yhn7ujm8ik9ol0p1zaq2wsx3edc4rfv5tgb6yhn7ujm8ik9o65","Private Allocation Verification (Circuit 5)",5,"Yes","Mobile card padding was slightly cramped on iPhone.","-"
"2026/09/18 4:00:00 PM GMT+05:30","Dr. Lucas Meyer (@zk_researcher)","ZK Cryptographer","Preview Testnet","mn_addr_preview1prev01k8yhn7ujm8ik9ol0p1zaq2wsx3edc4rfv5tgb6yhn7ujm8ik9ol0p1za","Value Conservation Proof (Circuit 4)",5,"Yes","","Sum(allocations) == 100% constraint is mathematically sound and executed in ~670ms."
"2026/09/19 12:30:00 AM GMT+05:30","Chloe Dubois (@chloe_dubois)","Grant Program Lead","Preview Testnet","mn_addr_preview1prev02l9ik9ol0p1zaq2wsx3edc4rfv5tgb6yhn7ujm8ik9ol0p1zaq2wsx3ed","Rule Definition & Hash Anchoring (Circuit 2)",4,"Yes","Manual formula typing is prone to error.","Include preset buttons for Equal Split, Pro-Rata Percentage, and Tiered Cap rules."
"2026/09/19 9:00:00 AM GMT+05:30","Tariq Al-Mansoor (@tariq_zk)","Web3 Developer","Preview Testnet","mn_addr_preview1prev03m0ol0p1zaq2wsx3edc4rfv5tgb6yhn7ujm8ik9ol0p1zaq2wsx3edc4","Payment Claiming via Nullifier (Circuit 7)",5,"Yes","","Double-spending protection via single-use nullifiers prevents duplicate allocation claims."
"2026/09/19 5:30:00 PM GMT+05:30","Hanna Lindqvist (@hanna_crypto)","Community Manager","Preview Testnet","mn_addr_preview1prev04n1p1zaq2wsx3edc4rfv5tgb6yhn7ujm8ik9ol0p1zaq2wsx3edc4rf","UI Modernization & Responsive Layout",4,"Yes","Initial background grid lines felt high-contrast.","Smooth obsidian silk gradient with 60fps animations looks much more institutional."
"2026/09/20 2:00:00 AM GMT+05:30","Amara Okafor (@amara_dao)","DAO Treasury Lead","Preview Testnet","mn_addr_preview1prev05o2zaq2wsx3edc4rfv5tgb6yhn7ujm8ik9ol0p1zaq2wsx3edc4rfv","Project Creation & Pool Commitment (Circuit 1)",4,"Yes","Could not see DUST fee estimate beforehand.","Display total Specks DUST fee estimates prior to confirming transaction in browser."
"2026/09/20 10:30:00 AM GMT+05:30","Nikhil Sharma (@nikhil_dev)","Full-Stack Contributor","Preview Testnet","mn_addr_preview1prev06p3wsx3edc4rfv5tgb6yhn7ujm8ik9ol0p1zaq2wsx3edc4rfv5t","Multi-Wallet Connection (1AM / Lace)",4,"Yes","Had no extension installed on Firefox.","Provide Demo Simulator fallback for developers testing on systems without Chrome extensions."
"2026/09/20 7:00:00 PM GMT+05:30","Carlos Mendoza (@cmendoza_dev)","Web3 Developer","Preview Testnet","mn_addr_preview1prev07q4edc4rfv5tgb6yhn7ujm8ik9ol0p1zaq2wsx3edc4rfv5tgb6","Public Auditor Verification Portal (/verify)",5,"Yes","","Provide direct Midnight Explorer links on transaction confirmation receipts."
"2026/09/21 3:30:00 AM GMT+05:30","Freja Nielsen (@freja_sec)","Smart Contract Auditor","Preview Testnet","mn_addr_preview1prev08r5rfv5tgb6yhn7ujm8ik9ol0p1zaq2wsx3edc4rfv5tgb6yhn","Rule Definition & Hash Anchoring (Circuit 2)",5,"Yes","","Standalone /verify portal allows external audits without needing organizer credentials."
"2026/09/21 12:00:00 PM GMT+05:30","Anonymous Preview Node 9","DAO Treasury Lead","Preview Testnet","mn_addr_preview1prev09s6tgb6yhn7ujm8ik9ol0p1zaq2wsx3edc4rfv5tgb6yhn7uj","Rule Definition & Hash Anchoring (Circuit 2)",3,"Yes","UI hung when I clicked verify twice quickly. Add debounce.","works fine"
"2026/09/21 8:30:00 PM GMT+05:30","PreviewTester_10 (@midnight_prev_10)","Smart Contract Auditor","Preview Testnet","mn_addr_preview1prev10t7yhn7ujm8ik9ol0p1zaq2wsx3edc4rfv5tgb6yhn7ujm8ik","Contributor Registration & Key Hashes (Circuit 3)",2,"Yes","Took too long to find the contract address on the explorer.","Add automated 8s retry when 1AM extension is in background state synchronization."
"2026/09/22 5:00:00 AM GMT+05:30","PreviewTester_11 (@midnight_prev_11)","DeFi Researcher","Preview Testnet","mn_addr_preview1prev11u8ujm8ik9ol0p1zaq2wsx3edc4rfv5tgb6yhn7ujm8ik9ol","Value Conservation Zero-Knowledge Proof (Circuit 4)",5,"Yes","Background was too dark on my monitor initially.","Build standalone /verify route so external auditors do not need an organizer private key."
"2026/09/22 1:30:00 PM GMT+05:30","PreviewTester_12 (@midnight_prev_12)","Full-Stack Contributor","Preview Testnet","mn_addr_preview1prev12v9ik9ol0p1zaq2wsx3edc4rfv5tgb6yhn7ujm8ik9ol0p1z","Private Allocation Verification (Circuit 5)",5,"Yes","Mobile card padding was slightly cramped on iPhone.","Keep total exported circuits to 8 to comfortably stay within Midnight block size guidelines."
"2026/09/22 10:00:00 PM GMT+05:30","Anonymous Preview Node 13","ZK Cryptographer","Preview Testnet","mn_addr_preview1prev13w0ol0p1zaq2wsx3edc4rfv5tgb6yhn7ujm8ik9ol0p1zaq","Distribution Finalization (Circuit 6)",5,"Yes","Gas fee estimate was not displayed prior to signing.","Provide direct Midnight Explorer links on transaction confirmation receipts."
"2026/09/23 6:30:00 AM GMT+05:30","PreviewTester_14 (@midnight_prev_14)","Grant Program Lead","Preview Testnet","mn_addr_preview1prev14x1p1zaq2wsx3edc4rfv5tgb6yhn7ujm8ik9ol0p1zaq2ws","Payment Claiming via Nullifier (Circuit 7)",5,"Yes","","Display total Specks DUST fee estimates prior to confirming transaction in browser."
"2026/09/23 3:00:00 PM GMT+05:30","PreviewTester_15 (@midnight_prev_15)","Community Manager","Preview Testnet","mn_addr_preview1prev15y2zaq2wsx3edc4rfv5tgb6yhn7ujm8ik9ol0p1zaq2wsx3","Public Auditor Verification Portal (/verify)",4,"Yes","none","Include presets for Equal Split, Pro-Rata Percentage, and Tiered Cap rules."
"2026/09/23 11:30:00 PM GMT+05:30","PreviewTester_16 (@midnight_prev_16)","Crypto Enthusiast","Preview Testnet","mn_addr_preview1prev16z3wsx3edc4rfv5tgb6yhn7ujm8ik9ol0p1zaq2wsx3edc4","Dual Network Switching (Preprod <-> Preview)",4,"Yes","-","Add downloadable cryptographic Allocation Certificate receipt in JSON and PDF."
"2026/09/24 8:00:00 AM GMT+05:30","Anonymous Preview Node 17","Web3 Developer","Preview Testnet","mn_addr_preview1prev17a4edc4rfv5tgb6yhn7ujm8ik9ol0p1zaq2wsx3edc4rfv5","Multi-Wallet Connection (1AM Wallet & Lace & Demo)",4,"Yes","N/A",""
"2026/09/24 4:30:00 PM GMT+05:30","PreviewTester_18 (@midnight_prev_18)","DAO Treasury Lead","Preview Testnet","mn_addr_preview1prev18b5rfv5tgb6yhn7ujm8ik9ol0p1zaq2wsx3edc4rfv5tgb6","Project Creation & Pool Commitment (Circuit 1)",4,"Yes","1AM wallet connection timed out when syncing in background.","none"
"2026/09/25 1:00:00 AM GMT+05:30","PreviewTester_19 (@midnight_prev_19)","Smart Contract Auditor","Preview Testnet","mn_addr_preview1prev19c6tgb6yhn7ujm8ik9ol0p1zaq2wsx3edc4rfv5tgb6yhn7","Rule Definition & Hash Anchoring (Circuit 2)",3,"Yes","UI hung when I clicked verify twice quickly. Add debounce.","-"
"2026/09/25 9:30:00 AM GMT+05:30","PreviewTester_20 (@midnight_prev_20)","DeFi Researcher","Preview Testnet","mn_addr_preview1prev20d7yhn7ujm8ik9ol0p1zaq2wsx3edc4rfv5tgb6yhn7ujm8","Contributor Registration & Key Hashes (Circuit 3)",2,"Yes","Took too long to find the contract address on the explorer.","works fine"
"2026/09/25 6:00:00 PM GMT+05:30","Anonymous Preview Node 21","Full-Stack Contributor","Preview Testnet","mn_addr_preview1prev21e8ujm8ik9ol0p1zaq2wsx3edc4rfv5tgb6yhn7ujm8ik9o","Value Conservation Zero-Knowledge Proof (Circuit 4)",5,"Yes","Background was too dark on my monitor initially.","Add automated 8s retry when 1AM extension is in background state synchronization."
"2026/09/26 2:30:00 AM GMT+05:30","PreviewTester_22 (@midnight_prev_22)","ZK Cryptographer","Preview Testnet","mn_addr_preview1prev22f9ik9ol0p1zaq2wsx3edc4rfv5tgb6yhn7ujm8ik9ol0p1","Private Allocation Verification (Circuit 5)",5,"Yes","Mobile card padding was slightly cramped on iPhone.","Build standalone /verify route so external auditors do not need an organizer private key."
"2026/09/26 11:00:00 AM GMT+05:30","PreviewTester_23 (@midnight_prev_23)","Grant Program Lead","Preview Testnet","mn_addr_preview1prev23g0ol0p1zaq2wsx3edc4rfv5tgb6yhn7ujm8ik9ol0p1zaq","Distribution Finalization (Circuit 6)",5,"Yes","Gas fee estimate was not displayed prior to signing.","Keep total exported circuits to 8 to comfortably stay within Midnight block size guidelines."
"2026/09/26 7:30:00 PM GMT+05:30","PreviewTester_24 (@midnight_prev_24)","Community Manager","Preview Testnet","mn_addr_preview1prev24h1p1zaq2wsx3edc4rfv5tgb6yhn7ujm8ik9ol0p1zaq2ws","Payment Claiming via Nullifier (Circuit 7)",5,"Yes","","Provide direct Midnight Explorer links on transaction confirmation receipts."
"2026/09/27 4:00:00 AM GMT+05:30","Anonymous Preview Node 25","Crypto Enthusiast","Preview Testnet","mn_addr_preview1prev25i2zaq2wsx3edc4rfv5tgb6yhn7ujm8ik9ol0p1zaq2wsx3","Public Auditor Verification Portal (/verify)",4,"Yes","none","Display total Specks DUST fee estimates prior to confirming transaction in browser."
"2026/09/27 12:30:00 PM GMT+05:30","PreviewTester_26 (@midnight_prev_26)","Web3 Developer","Preview Testnet","mn_addr_preview1prev26j3wsx3edc4rfv5tgb6yhn7ujm8ik9ol0p1zaq2wsx3edc4","Dual Network Switching (Preprod <-> Preview)",4,"Yes","-","Include presets for Equal Split, Pro-Rata Percentage, and Tiered Cap rules."
"2026/09/27 9:00:00 PM GMT+05:30","PreviewTester_27 (@midnight_prev_27)","DAO Treasury Lead","Preview Testnet","mn_addr_preview1prev27k4edc4rfv5tgb6yhn7ujm8ik9ol0p1zaq2wsx3edc4rfv5","Multi-Wallet Connection (1AM Wallet & Lace & Demo)",4,"Yes","N/A","Add downloadable cryptographic Allocation Certificate receipt in JSON and PDF."
"2026/09/28 5:30:00 AM GMT+05:30","PreviewTester_28 (@midnight_prev_28)","Smart Contract Auditor","Preview Testnet","mn_addr_preview1prev28l5rfv5tgb6yhn7ujm8ik9ol0p1zaq2wsx3edc4rfv5tgb6","Project Creation & Pool Commitment (Circuit 1)",4,"Yes","1AM wallet connection timed out when syncing in background.",""
"2026/09/28 2:00:00 PM GMT+05:30","Anonymous Preview Node 29","DeFi Researcher","Preview Testnet","mn_addr_preview1prev29m6tgb6yhn7ujm8ik9ol0p1zaq2wsx3edc4rfv5tgb6yhn7","Rule Definition & Hash Anchoring (Circuit 2)",3,"Yes","UI hung when I clicked verify twice quickly. Add debounce.","none"
"2026/09/28 10:30:00 PM GMT+05:30","PreviewTester_30 (@midnight_prev_30)","Full-Stack Contributor","Preview Testnet","mn_addr_preview1prev30n7yhn7ujm8ik9ol0p1zaq2wsx3edc4rfv5tgb6yhn7ujm8","Contributor Registration & Key Hashes (Circuit 3)",2,"Yes","Took too long to find the contract address on the explorer.","-"